# 404
ErrorDocument 404 /404.html

# Prevent directory listings
Options -Indexes

# Content security policy
Header add X-Frame-Options "SAMEORIGIN"
Header add X-XSS-Protection "1; mode=block"
Header add X-Content-Type-Options "nosniff"
Header add Referrer-Policy "no-referrer"
Header add Strict-Transport-Security "max-age=31536000;includeSubDomains;preload"
Header add Content-Security-Policy "default-src 'self';style-src 'self' 'unsafe-inline' https://silviamaggidesign.com;img-src 'self' https://silviamaggidesign.com;script-src 'self';frame-src https://www.youtube-nocookie.com/embed/;object-src 'self';frame-ancestors 'self'"
Header add Permissions-Policy "accelerometer=(self),autoplay=(self),camera=(self),encrypted-media=(self),fullscreen=(self),geolocation=(self),gyroscope=(self),magnetometer=(self),microphone=(self),midi=(self),payment=(self),usb=(self),picture-in-picture=(self 'https://www.youtube-nocookie.com/embed/')"

# Caching
<IfModule mod_expires.c>
  ExpiresActive On
  # Images
  ExpiresByType image/jpeg "access plus 1 year"
  ExpiresByType image/gif "access plus 1 year"
  ExpiresByType image/png "access plus 1 year"
  ExpiresByType image/webp "access plus 1 year"
  ExpiresByType image/svg+xml "access plus 1 year"
  ExpiresByType image/x-icon "access plus 1 year"
  # Video
  ExpiresByType video/webm "access plus 1 year"
  ExpiresByType video/mp4 "access plus 1 year"
  ExpiresByType video/mpeg "access plus 1 year"
  # Fonts
  ExpiresByType font/woff "access plus 1 year"
  ExpiresByType font/woff2 "access plus 1 year"
  ExpiresByType application/font-woff "access plus 1 year"
  ExpiresByType application/font-woff2 "access plus 1 year"
  # CSS, JavaScript
  ExpiresByType text/css "access plus 1 year"
  ExpiresByType text/javascript "access plus 1 year"
  ExpiresByType application/javascript "access plus 1 year"
  # Others
  ExpiresByType application/pdf "access plus 1 year"
</IfModule>

# Redirects
Redirect 301 /resume-silviamaggi/ /about/
Redirect 301 /about-silviamaggi/ /about/
Redirect 301 /about-silviamaggi-ux-designer/ /about/
Redirect 301 /it/sono-una-ux-designer/ /about/
Redirect 301 /silviamaggi-certificates/ /about/
Redirect 301 /contacts-silviamaggi/ /contact/
Redirect 301 /contacts/ /contact/
Redirect 301 /it/contatti/ /contact/
Redirect 301 /get-in-touch-silviamaggi/ /contact/
Redirect 301 /blogroll/ /links/
Redirect 301 /design-digested-a-newsletter-by-silvia-maggi/ /newsletter/
Redirect 301 /design-inspiration-newsletter-by-silvia-maggi /newsletter/
Redirect 301 /design-digested-newsletter-by-silvia-maggi /newsletter/
Redirect 301 /design-inspiration-newsletter-silvia-maggi/ /newsletter/
Redirect 301 /guestbooked/ /
Redirect 301 /it/privacy-policy/ /colophon/
Redirect 301 /privacy-policy/ /colophon/
Redirect 301 /turtle-nest-monitoring-app/ /work/
Redirect 301 /case-study-acclimatize-me/ /work/
Redirect 301 /portfolio/case-study-acclimatize-me/ /work/
Redirect 301 /portfolio/ /work/
Redirect 301 /projects/case-study-origami/ /work/
Redirect 301 /work/women-management/ /work/
Redirect 301 /work/counterbooks-dashboard-design/ /work/
Redirect 301 /work/not-on-the-high-street-blog/ /work/
Redirect 301 /work/apm-models-new-york-website/ /work/
Redirect 301 /work/reevoo-corporate-website/ /work/
Redirect 301 /work/unicredit-acquisition-landing-pages/ /work/
Redirect 301 /portfolio/acquisition-landing-pages-and-forms/ /work/
Redirect 301 /projects/unicredit-acquisition-landing-pages/ /work/
Redirect 301 /portfolio/after-1989-a-trip-to-freedom/ /projects/after-1989-a-trip-to-freedom/
Redirect 301 /work/after-1989-a-trip-to-freedom/ /projects/after-1989-a-trip-to-freedom/
Redirect 301 /portfolio/smd-site-case-study/ /projects/silvia-maggi-website/
Redirect 301 /projects/reevoo-corporate-website/ /work/
Redirect 301 /projects/apm-models-new-york-website/ /work/
Redirect 301 /projects/not-on-the-high-street-blog/ /work/
Redirect 301 /projects/counterbooks-dashboard-design/ /work/
Redirect 301 /projects/women-management/ /work/
Redirect 301 /work/ux-archive/ /projects/ux-archive/
Redirect 301 /creativity/photography-rut-and-little-things-in-my-garden/ /photography/photography-rut/
Redirect 301 /creativity/photography-rut/ /photography/photography-rut/
Redirect 301 /photography/a-mirrorless-camera-changed-my-mindset/ /photography/mirrorless-camera-vs-dslr/
Redirect 301 /photography/about-fuji-and-changing-mindset/ /photography/mirrorless-camera-vs-dslr/
Redirect 301 /photography/about-fujifilm-and-changing-mindset/ /photography/mirrorless-camera-vs-dslr/
Redirect 301 /photography/girl-town-tel-aviv/ /photography/girl-town-moved-to-tel-aviv/
Redirect 301 /because-we-can-shutter-hub-exhibition-festival-pilours/ /photography/because-we-can-exhibition/
Redirect 301 /exhibition/because-we-can-exhibition-festival-pilours/ /photography/because-we-can-exhibition/
Redirect 301 /exhibition/because-we-can-exhibition-shutter-hub-festival-pilours/ /photography/because-we-can-exhibition/
Redirect 301 /exhibition/because-we-can-shutter-hub-exhibition-festival-pilours/ /photography/because-we-can-exhibition/
Redirect 301 /exhibition/because-we-can-exhibition/ /photography/because-we-can-exhibition/
Redirect 301 /photography/how-instagram-drained-my-creativity/ /photography/instagram-drained-my-creativity/
Redirect 301 /design/design-the-station-of-being-bus-stop-experience/ /design/the-station-of-being-bus-stop/
Redirect 301 /design/design-the-station-of-being-bus-stop/ /design/the-station-of-being-bus-stop/
Redirect 301 /design/crisis-opportunity-to-shape-a-better-society/ /design/pandemic-opportunity-for-change/
Redirect 301 /books/design-digested-1/ /design-digested/killing-eve-set-design/
Redirect 301 /books/killing-eve-set-design/ /design-digested/killing-eve-set-design/
Redirect 301 /books/design-digested-2-design-solidarity/ /design-digested/design-community-solidarity/
Redirect 301 /books/design-community-solidarity/ /design-digested/design-community-solidarity/
Redirect 301 /books/design-digested-3-language-mobile-approach-responsive-design-at-ten/ /design-digested/responsive-design-at-ten/
Redirect 301 /books/responsive-design-at-ten/ /design-digested/responsive-design-at-ten/
Redirect 301 /creativity/design-digested-4-black-women-in-ux-foster-creativity-bowie-scolded-mtv/ /design-digested/design-digested-black-women-in-ux/
Redirect 301 /creativity/design-digested-4-black-women-in-ux-foster-creativity-unimpressed-bowie/ /design-digested/design-digested-black-women-in-ux/
Redirect 301 /creativity/design-digested-black-women-in-ux/ /design-digested/design-digested-black-women-in-ux/
Redirect 301 /design/the-ux-of-contact-lenses-containers/ /ux/ux-of-contact-lenses-containers/
Redirect 301 /design/ux-of-contact-lenses-containers/ /ux/ux-of-contact-lenses-containers/
Redirect 301 /books/design-digested-5-design-diversity-problems-and-bias/ /design-digested/design-digested-5-diversity-bias/
Redirect 301 /books/design-digested-5-diversity-bias/ /design-digested/design-digested-5-diversity-bias/
Redirect 301 /creativity/isolation-photo-diary/ /photography/isolation-photo-diary/
Redirect 301 /design/design-digested-6-anti-racist-lessons-empathic-design-misogyny-of-the-workforce/ /design-digested/design-digested-empathic-design/
Redirect 301 /design/design-digested-empathic-design/ /design-digested/design-digested-empathic-design/
Redirect 301 /books/design-digested-7/ /design-digested/biased-ai/
Redirect 301 /books/biased-ai/ /design-digested/biased-ai/
Redirect 301 /blog/2020/07/20/how-rebranding-cost-ravelry-the-trust-of-their-community/ /design/ravelry-rebranding/
Redirect 301 /design/how-rebranding-cost-ravelry-the-trust-of-their-community/ /design/ravelry-rebranding/
Redirect 301 /accessibility/design-digested-8-how-a-well-known-website-lost-the-trust-of-their-community/ /design-digested/a-website-lost-community-trust/
Redirect 301 /accessibility/a-website-lost-community-trust/ /design-digested/a-website-lost-community-trust/
Redirect 301 /social-media/instagrams-camera-on-bug/ /ux/instagrams-camera-on-bug/
Redirect 301 /2020/07/30/design-digested-9-facebook-cant-beat-hate-the-uncensored-library-and-get-bad-news/ /design-digested/facebook-cant-beat-hate/
Redirect 301 /social-media/design-digested-9-facebook-cant-beat-hate-the-uncensored-library-and-get-bad-news/ /design-digested/facebook-cant-beat-hate/
Redirect 301 /social-media/facebook-cant-beat-hate/ /design-digested/facebook-cant-beat-hate/
Redirect 301 /today-i-saw/today-i-saw/ /photography/today-i-saw/
Redirect 301 /diversity/design-digested-10-inclusive-design-social-media/ /design-digested/inclusive-design/
Redirect 301 /diversity/inclusive-design/ /design-digested/inclusive-design/
Redirect 301 /2020/08/16/design-digested-11-all-women-edition/ /design-digested/all-women-edition/
Redirect 301 /diversity/design-digested-11-all-women-edition/ /design-digested/all-women-edition/
Redirect 301 /diversity/all-women-edition/ /design-digested/all-women-edition/
Redirect 301 /photography/new-journey-new-blog/ /personal/new-journey-and-new-blog/
Redirect 301 /photography/new-journey-and-new-blog/ /personal/new-journey-and-new-blog/
Redirect 301 /today-i-saw/after-the-rain/ /photography/after-the-rain/
Redirect 301 /social-media/why-i-deleted-my-twitter-account-and-an-update/ /personal/i-deleted-my-twitter-account/
Redirect 301 /social-media/i-deleted-my-twitter-account/ /personal/i-deleted-my-twitter-account/
Redirect 301 /2020/10/26/design-digested-12-social-media-issues-complicated-products-and-redesigning-capitalism/ /design-digested/social-media-content-moderation/
Redirect 301 /social-media/design-digested-12-social-media-issues-complicated-products-and-redesigning-capitalism/ /design-digested/social-media-content-moderation/
Redirect 301 /social-media/social-media-content-moderation/ /design-digested/social-media-content-moderation/
Redirect 301 /2020/11/03/design-digested-13-fear-ai-bias-and-enzo-mari-legacy/ /design-digested/ai-bias-and-enzo-mari-legacy/
Redirect 301 /design/design-digested-13-fear-ai-bias-and-enzo-mari-legacy/ /design-digested/ai-bias-and-enzo-mari-legacy/
Redirect 301 /design/ai-bias-and-enzo-mari-legacy/ /design-digested/ai-bias-and-enzo-mari-legacy/
Redirect 301 /design-digested/design-digested-14-elimination-of-violence-against-women-edition/ /design-digested/design-digested-14-elimination-of-violence-against-women/
Redirect 301 /design/how-the-instagram-navigation-became-convoluted/ /ux/how-the-instagram-navigation-became-convoluted/
Redirect 301 /design/undoing-toxic-dogmatism-designing-less-be-more-effective/ /design-digested/undoing-toxic-dogmatism/
Redirect 301 /design/undoing-toxic-dogmatism/ /design-digested/undoing-toxic-dogmatism/
Redirect 301 /i-deactivated-my-instagram-account-what-now/ /personal/deactivated-my-instagram-account/
Redirect 301 /photography/i-deactivated-my-instagram-account-what-now/ /personal/deactivated-my-instagram-account/
Redirect 301 /photography/i-deactivated-my-instagram-account/ /personal/deactivated-my-instagram-account/
Redirect 301 /photography/deactivated-my-instagram-account/ /personal/deactivated-my-instagram-account/
Redirect 301 /design-digested/dark-patterns-in-user-interfaces/ /design-digested/deceptive-patterns-in-user-interfaces/
Redirect 301 /it/design-it/dark-patterns-web/ /design-digested/deceptive-patterns-in-user-interfaces/
Redirect 301 /it/design-it/dark-pattern-web/ /design-digested/deceptive-patterns-in-user-interfaces/
Redirect 301 /it/design/dark-patterns-web/ /design-digested/deceptive-patterns-in-user-interfaces/
Redirect 301 /it/uncategorized-it/dark-patterns-web/ /design-digested/deceptive-patterns-in-user-interfaces/
Redirect 301 /design/dark-patterns-in-user-interfaces/ /design-digested/deceptive-patterns-in-user-interfaces/
Redirect 301 /social-media/culture-and-design-books/ /books/culture-and-design-books/
Redirect 301 /it/libri/libri-di-cultura-e-design/ /books/culture-and-design-books/
Redirect 301 /it/fotografia/in-spiaggia/ /photography/at-the-beach/
Redirect 301 /it/design-it/una-lettera/ /design-digested/my-latest-letter/
Redirect 301 /it/oggi-ho-visto/glicine-in-fiore/ /photography/wisteria-in-bloom/
Redirect 301 /today-i-saw/wisteria-in-bloom /photography/wisteria-in-bloom/
Redirect 301 /design/learning-to-draw/ /drawing/learning-to-draw/
Redirect 301 /it/fotografia/entrata-con-arte/ /photography/entrance-with-art/
Redirect 301 /design/information-overload/ /design-digested/information-overload/
Redirect 301 /it/design-it/sovraccarico-di-informazioni/ /design-digested/information-overload/
Redirect 301 /it/design-digested-it/sovraccarico-di-informazioni/ /design-digested/information-overload/
Redirect 301 /social-media/life-off-social-media/ /personal/life-off-social-media/
Redirect 301 /it/personale/lascio-wordpress/ /personal/leaving-wordpress/
Redirect 301 /brand-new-site/ /design/brand-new-website/
Redirect 301 /personal/four-strings-of-joy/ /music/four-strings-of-joy/
Redirect 301 /tag/16days/ /archive/
Redirect 301 /tag/2017/ /archive/
Redirect 301 /tag/25-November/ /archive/
Redirect 301 /tag/35mm/ /archive/
Redirect 301 /tag/80-20-rule/ /archive/
Redirect 301 /tag/adriatic-sea/ /archive/
Redirect 301 /tag/after-the-pandemic/ /archive/
Redirect 301 /tag/ai-bias/ /archive/
Redirect 301 /tag/album/ /archive/
Redirect 301 /tag/all-women-release-squad/ /archive/
Redirect 301 /tag/architecture/ /archive/
Redirect 301 /tag/arte/ /archive/
Redirect 301 /tag/article/ /archive/
Redirect 301 /tag/basement-cafe/ /archive/
Redirect 301 /tag/beach/ /archive/
Redirect 301 /tag/bee/ /archive/
Redirect 301 /tag/benevolent-sexism/ /archive/
Redirect 301 /tag/black-women/ /archive/
Redirect 301 /tag/blog/ /archive/
Redirect 301 /tag/bluebells/ /archive/
Redirect 301 /tag/bot/ /archive/
Redirect 301 /tag/brexit/ /archive/
Redirect 301 /tag/camihawke/ /archive/
Redirect 301 /tag/canon/ /archive/
Redirect 301 /tag/cloudy/ /archive/
Redirect 301 /tag/cold-war/ /archive/
Redirect 301 /tag/concentration-camp/ /archive/
Redirect 301 /tag/connectivity/ /archive/
Redirect 301 /tag/contact-lenses-container/ /archive/
Redirect 301 /tag/cookies/ /archive/
Redirect 301 /tag/covid19/ /archive/
Redirect 301 /tag/cross-cultural-design/ /archive/
Redirect 301 /tag/cultura/ /archive/
Redirect 301 /tag/dark-pattern/ /tag/deceptive-patterns/
Redirect 301 /tag/dark-patterns/ /tag/deceptive-patterns/
Redirect 301 /tag/data/ /archive/
Redirect 301 /tag/day/ /archive/
Redirect 301 /tag/decision-making/ /archive/
Redirect 301 /tag/deepfake/ /archive/
Redirect 301 /tag/depth-of-field/ /archive/
Redirect 301 /tag/design-community/ /archive/
Redirect 301 /tag/design-for-inclusion/ /archive/
Redirect 301 /tag/design-inspiration/ /archive/
Redirect 301 /tag/design-small/ /archive/
Redirect 301 /tag/detto-fatto/ /archive/
Redirect 301 /tag/dieci-ragioni-per-cancellare-subito-i-tuoi-account-social/ /archive/
Redirect 301 /tag/discrimination/ /archive/
Redirect 301 /tag/dogmatism/ /archive/
Redirect 301 /tag/donald-a-norman/ /archive/
Redirect 301 /tag/dove-mi-trovo/ /archive/
Redirect 301 /tag/draw/ /archive/
Redirect 301 /tag/emilia-romagna/ /archive/
Redirect 301 /tag/empathic-design/ /archive/
Redirect 301 /tag/environment/ /archive/
Redirect 301 /tag/estate/ /archive/
Redirect 301 /tag/everyday-things/ /archive/
Redirect 301 /tag/facial-recognition-technology/ /archive/
Redirect 301 /tag/fake-news/ /archive/
Redirect 301 /tag/fear/ /archive/
Redirect 301 /tag/featured/ /archive/
Redirect 301 /tag/feminism/ /archive/
Redirect 301 /tag/flower/ /archive/
Redirect 301 /tag/font/ /archive/
Redirect 301 /tag/fotografia/ /archive/
Redirect 301 /tag/fuji/ /archive/
Redirect 301 /tag/fuji-xt-20/ /archive/
Redirect 301 /tag/fujifilm-x-t20/ /archive/
Redirect 301 /tag/futura/ /archive/
Redirect 301 /tag/future/ /archive/
Redirect 301 /tag/girltownpm/ /archive/
Redirect 301 /tag/glicine/ /archive/
Redirect 301 /tag/good-design/ /archive/
Redirect 301 /tag/goodreads/ /archive/
Redirect 301 /tag/google-maps/ /archive/
Redirect 301 /tag/growth/ /archive/
Redirect 301 /tag/hiroshima/ /archive/
Redirect 301 /tag/house/ /archive/
Redirect 301 /tag/i-saw-the-world-end/ /archive/
Redirect 301 /tag/ibm/ /archive/
Redirect 301 /tag/idf/ /archive/
Redirect 301 /tag/illusion-of-control/ /archive/
Redirect 301 /tag/imperial-war-museum/ /archive/
Redirect 301 /tag/inclusive-design/ /archive/
Redirect 301 /tag/indie-artist/ /archive/
Redirect 301 /tag/interaction-design-foundation/ /archive/
Redirect 301 /tag/international-day-for-the-elimination-of-violence-against-women/ /archive/
Redirect 301 /tag/internet-access/ /archive/
Redirect 301 /tag/inverno/ /archive/
Redirect 301 /tag/ios14/ /archive/
Redirect 301 /tag/ispirazione/ /archive/
Redirect 301 /tag/italia/ /archive/
Redirect 301 /tag/italian-design/ /archive/
Redirect 301 /tag/journey/ /archive/
Redirect 301 /tag/just-enough-research/ /archive/
Redirect 301 /tag/la-bella-figura-a-field-guide-to-the-italian-mind/ /archive/
Redirect 301 /tag/la-testa-degli-italiani/ /archive/
Redirect 301 /tag/ladybug/ /archive/
Redirect 301 /tag/lascio-wordpress/ /archive/
Redirect 301 /tag/learning-to-draw/ /archive/
Redirect 301 /tag/leaving-instagram/ /archive/
Redirect 301 /tag/leaving-wordpress/ /archive/
Redirect 301 /tag/legible-font/ /archive/
Redirect 301 /tag/lettera/ /archive/
Redirect 301 /tag/letter/ /archive/
Redirect 301 /tag/libri/ /archive/
Redirect 301 /tag/linkedin/ /archive/
Redirect 301 /tag/march/ /archive/
Redirect 301 /tag/mare/ /archive/
Redirect 301 /tag/mare-adriatico/ /archive/
Redirect 301 /tag/meadow-flowers/ /archive/
Redirect 301 /tag/minutes-to-midnight/ /archive/
Redirect 301 /tag/mirrorless/ /archive/
Redirect 301 /tag/mobile-first/ /archive/
Redirect 301 /tag/mobile-navigation/ /archive/
Redirect 301 /tag/mobile-patterns/ /archive/
Redirect 301 /tag/musica/ /archive/
Redirect 301 /tag/my-bass-and-other-animals/ /archive/
Redirect 301 /tag/nagasaki/ /archive/
Redirect 301 /tag/norman-doors/ /archive/
Redirect 301 /tag/nudity/ /archive/
Redirect 301 /tag/oggi-ho-visto/ /archive/
Redirect 301 /tag/online-hate/ /archive/
Redirect 301 /tag/orangetheworld/ /archive/
Redirect 301 /tag/petition/ /archive/
Redirect 301 /tag/phone-addiction/ /archive/
Redirect 301 /tag/photo/ /archive/
Redirect 301 /tag/photodiary/ /archive/
Redirect 301 /tag/photography-2/ /archive/
Redirect 301 /tag/photography-rut/ /archive/
Redirect 301 /tag/pii/ /archive/
Redirect 301 /tag/pine-forest/ /archive/
Redirect 301 /tag/pineta/ /archive/
Redirect 301 /tag/pinterest/ /archive/
Redirect 301 /tag/plus-size/ /archive/
Redirect 301 /tag/podcast/ /archive/
Redirect 301 /tag/policy/ /archive/
Redirect 301 /tag/post-pandemic/ /archive/
Redirect 301 /tag/primavera/ /archive/
Redirect 301 /tag/product-design/ /archive/
Redirect 301 /tag/quitting-social-media/ /archive/
Redirect 301 /tag/race/ /archive/
Redirect 301 /tag/racial-bias/ /archive/
Redirect 301 /tag/rai/ /archive/
Redirect 301 /tag/ravelry-accessibility/ /archive/
Redirect 301 /tag/ravelry-redesign/ /archive/
Redirect 301 /tag/redesign/ /archive/
Redirect 301 /tag/revenge-porn/ /archive/
Redirect 301 /tag/sea/ /archive/
Redirect 301 /tag/seascape/ /archive/
Redirect 301 /tag/sexist/ /archive/
Redirect 301 /tag/silvia-semenzin/ /archive/
Redirect 301 /tag/silviamaggidesign/ /archive/
Redirect 301 /tag/silviamaggiphoto/ /archive/
Redirect 301 /tag/social-distancing/ /archive/
Redirect 301 /tag/society/ /archive/
Redirect 301 /tag/sofia-viscardi/ /archive/
Redirect 301 /tag/solidarity/ /archive/
Redirect 301 /tag/spreadtheword/ /archive/
Redirect 301 /tag/spring/ /archive/
Redirect 301 /tag/summer/ /archive/
Redirect 301 /tag/sunday/ /archive/
Redirect 301 /tag/talent/ /archive/
Redirect 301 /tag/ten-arguments-for-deleting-your-social-media-accounts-right-now/ /archive/
Redirect 301 /tag/the-culture-map/ /archive/
Redirect 301 /tag/thumb-zone-mapping/ /archive/
Redirect 301 /tag/today-i-saw/ /archive/
Redirect 301 /tag/travel-photography/ /archive/
Redirect 301 /tag/tree/ /archive/
Redirect 301 /tag/ui-copy/ /archive/
Redirect 301 /tag/un/ /archive/
Redirect 301 /tag/user-defenders/ /archive/
Redirect 301 /tag/user-experience-design/ /archive/
Redirect 301 /tag/ux-design/ /archive/
Redirect 301 /tag/ux-designer/ /archive/
Redirect 301 /tag/ux-research/ /archive/
Redirect 301 /tag/ux-writing/ /archive/
Redirect 301 /tag/vegetation/ /archive/
Redirect 301 /tag/web-accessibility/ /archive/
Redirect 301 /tag/website/ /archive/
Redirect 301 /tag/whatsapp/ /archive/
Redirect 301 /tag/winter/ /archive/
Redirect 301 /category/accessibility/ /category/design/
Redirect 301 /category/usability/ /category/design/
Redirect 301 /category/social-media/ /category/design/
Redirect 301 /category/creativity/ /category/photography/
Redirect 301 /category/today-i-saw/ /category/photography/
Redirect 301 /category/travel/ /category/photography/
Redirect 301 /category/exhibition/ /category/photography/
Redirect 301 /category/culture/ /category/books/
Redirect 301 /category/diversity/ /category/design-digested/
Redirect 301 /category/weeknotes/ /category/personal/
Redirect 301 /my-experience-with-the-interaction-design-foundation/ /category/design/
Redirect 301 /interaction-design-foundation-review/ /category/design/
Redirect 301 /notes/2022-03-24/ /notes/note-about-productivity/
Redirect 301 /notes/2022-03-10/ /notes/note-about-trackers/
Redirect 301 /notes/2022-03-09/ /notes/note-about-the-new-css-layout/
Redirect 301 /notes/2022-03-03/ /notes/note-about-extra-bold/
Redirect 301 /notes/2022-03-01/ /notes/note-about-design-tools/
Redirect 301 /notes/2022-02-27/ /notes/note-about-fujifilm/
Redirect 301 /notes/2022-02-25/ /notes/note-about-news-consumption/
Redirect 301 /weeknotes/weeknotes-1-dizziness/ /personal/weeknotes-1-dizziness/
Redirect 301 /weeknotes/weeknotes-2/ /personal/weeknotes-2/
Redirect 301 /weeknotes/weeknotes-3/ /personal/weeknotes-3/
Redirect 301 /weeknotes/weeknotes-4/ /personal/weeknotes-4/
Redirect 301 /weeknotes/weeknotes-5/ /personal/weeknotes-5/
Redirect 301 /weeknotes/weeknotes-6/ /personal/weeknotes-6/
Redirect 301 /weeknotes/weeknotes-7/ /personal/weeknotes-7/
Redirect 301 /weeknotes/weeknotes-8/ /personal/weeknotes-8/
Redirect 301 /weeknotes/weeknotes-9/ /personal/weeknotes-9/