/resume-silviamaggi/ /about-silviamaggi-ux-designer/ 301
/about-silviamaggi/ /about-silviamaggi-ux-designer/ 301
/about/ /about-silviamaggi-ux-designer/ 301
/it/sono-una-ux-designer/ /about-silviamaggi-ux-designer/ 301
/contact/ /get-in-touch-silviamaggi/ 301
/contacts-silviamaggi/ /get-in-touch-silviamaggi/ 301
/it/contatti/ /get-in-touch-silviamaggi/ 301
/design-digested-a-newsletter-by-silvia-maggi/ /design-inspiration-newsletter-silvia-maggi/ 301
/design-inspiration-newsletter-by-silvia-maggi /design-inspiration-newsletter-silvia-maggi/ 301
/design-digested-newsletter-by-silvia-maggi /design-inspiration-newsletter-silvia-maggi/ 301
/it/privacy-policy/ /privacy-policy/ 301
/portfolio/ /silvia-maggi-portfolio/ 301
/interaction-design-foundation-review/ https://www.interaction-design.org/ 301
/my-experience-with-the-interaction-design-foundation/ https://www.interaction-design.org/ 301
/creativity/photography-rut-and-little-things-in-my-garden/ /photography/photography-rut/ 301
/creativity/photography-rut/ /photography/photography-rut/ 301
/photography/a-mirrorless-camera-changed-my-mindset/ /photography/mirrorless-camera-vs-dslr/ 301
/photography/about-fuji-and-changing-mindset/ /photography/mirrorless-camera-vs-dslr/ 301
/photography/about-fujifilm-and-changing-mindset/ /photography/mirrorless-camera-vs-dslr/ 301
/photography/girl-town-tel-aviv/ /photography/girl-town-moved-to-tel-aviv/ 301
/because-we-can-shutter-hub-exhibition-festival-pilours/ /photography/because-we-can-exhibition/ 301
/exhibition/because-we-can-exhibition-festival-pilours/ /photography/because-we-can-exhibition/ 301
/exhibition/because-we-can-exhibition-shutter-hub-festival-pilours/ /photography/because-we-can-exhibition/ 301
/exhibition/because-we-can-shutter-hub-exhibition-festival-pilours/ /photography/because-we-can-exhibition/ 301
/exhibition/because-we-can-exhibition/ /photography/because-we-can-exhibition/ 301
/photography/how-instagram-drained-my-creativity/ /photography/instagram-drained-my-creativity/ 301
/design/design-the-station-of-being-bus-stop-experience/ /design/the-station-of-being-bus-stop/ 301
/design/design-the-station-of-being-bus-stop/ /design/the-station-of-being-bus-stop/ 301
/design/crisis-opportunity-to-shape-a-better-society/ /design/pandemic-opportunity-for-change/ 301
/books/design-digested-1/ /design-digested/killing-eve-set-design/ 301
/books/killing-eve-set-design/ /design-digested/killing-eve-set-design/ 301
/books/design-digested-2-design-solidarity/ /design-digested/design-community-solidarity/ 301
/books/design-community-solidarity/ /design-digested/design-community-solidarity/ 301
/books/design-digested-3-language-mobile-approach-responsive-design-at-ten/ /design-digested/responsive-design-at-ten/ 301
/books/responsive-design-at-ten/ /design-digested/responsive-design-at-ten/ 301
/creativity/design-digested-4-black-women-in-ux-foster-creativity-bowie-scolded-mtv/ /design-digested/design-digested-black-women-in-ux/ 301
/creativity/design-digested-4-black-women-in-ux-foster-creativity-unimpressed-bowie/ /design-digested/design-digested-black-women-in-ux/ 301
/creativity/design-digested-black-women-in-ux/ /design-digested/design-digested-black-women-in-ux/ 301
/design/the-ux-of-contact-lenses-containers/ /ux/ux-of-contact-lenses-containers/ 301
/design/ux-of-contact-lenses-containers/ /ux/ux-of-contact-lenses-containers/ 301
/books/design-digested-5-design-diversity-problems-and-bias/ /design-digested/design-digested-5-diversity-bias/ 301
/books/design-digested-5-diversity-bias/ /design-digested/design-digested-5-diversity-bias/ 301
/creativity/isolation-photo-diary/ /photography/isolation-photo-diary/ 301
/design/design-digested-6-anti-racist-lessons-empathic-design-misogyny-of-the-workforce/ /design-digested/design-digested-empathic-design/ 301
/design/design-digested-empathic-design/ /design-digested/design-digested-empathic-design/ 301
/books/design-digested-7/ /design-digested/biased-ai/ 301
/books/biased-ai/ /design-digested/biased-ai/ 301
/2020/07/20/how-rebranding-cost-ravelry-the-trust-of-their-community/ /design/ravelry-rebranding/ 301
/design/how-rebranding-cost-ravelry-the-trust-of-their-community/ /design/ravelry-rebranding/ 301
/accessibility/design-digested-8-how-a-well-known-website-lost-the-trust-of-their-community/ /design-digested/a-website-lost-community-trust/ 301
/accessibility/a-website-lost-community-trust/ /design-digested/a-website-lost-community-trust/ 301
/social-media/instagrams-camera-on-bug/ /ux/instagrams-camera-on-bug/ 301
/2020/07/30/design-digested-9-facebook-cant-beat-hate-the-uncensored-library-and-get-bad-news/ /design-digested/facebook-cant-beat-hate/ 301
/social-media/design-digested-9-facebook-cant-beat-hate-the-uncensored-library-and-get-bad-news/ /design-digested/facebook-cant-beat-hate/ 301
/social-media/facebook-cant-beat-hate/ /design-digested/facebook-cant-beat-hate/ 301
/today-i-saw/today-i-saw/ /photography/today-i-saw/ 301
/diversity/design-digested-10-inclusive-design-social-media/ /design-digested/inclusive-design/ 301
/diversity/inclusive-design/ /design-digested/inclusive-design/ 301
/2020/08/16/design-digested-11-all-women-edition/ /design-digested/all-women-edition/ 301
/diversity/design-digested-11-all-women-edition/ /design-digested/all-women-edition/ 301
/diversity/all-women-edition/ /design-digested/all-women-edition/ 301
/photography/new-journey-new-blog/ /personal/new-journey-and-new-blog/ 301
/photography/new-journey-and-new-blog/ /personal/new-journey-and-new-blog/ 301
/today-i-saw/after-the-rain/ /photography/after-the-rain/ 301
/social-media/why-i-deleted-my-twitter-account-and-an-update/ /personal/i-deleted-my-twitter-account/ 301
/social-media/i-deleted-my-twitter-account/ /personal/i-deleted-my-twitter-account/ 301
/2020/10/26/design-digested-12-social-media-issues-complicated-products-and-redesigning-capitalism/ /design-digested/social-media-content-moderation/ 301
/social-media/design-digested-12-social-media-issues-complicated-products-and-redesigning-capitalism/ /design-digested/social-media-content-moderation/ 301
/social-media/social-media-content-moderation/ /design-digested/social-media-content-moderation/ 301
/2020/11/03/design-digested-13-fear-ai-bias-and-enzo-mari-legacy/ /design-digested/ai-bias-and-enzo-mari-legacy/ 301
/design/design-digested-13-fear-ai-bias-and-enzo-mari-legacy/ /design-digested/ai-bias-and-enzo-mari-legacy/ 301
/design/ai-bias-and-enzo-mari-legacy/ /design-digested/ai-bias-and-enzo-mari-legacy/ 301
/design-digested/design-digested-14-elimination-of-violence-against-women-edition/ /design-digested/design-digested-14-elimination-of-violence-against-women/ 301
/design/how-the-instagram-navigation-became-convoluted/ /ux/how-the-instagram-navigation-became-convoluted/ 301
/design/undoing-toxic-dogmatism-designing-less-be-more-effective/ /design-digested/undoing-toxic-dogmatism/ 301
/design/undoing-toxic-dogmatism/ /design-digested/undoing-toxic-dogmatism/ 301
/i-deactivated-my-instagram-account-what-now/ /personal/deactivated-my-instagram-account/ 301
/photography/i-deactivated-my-instagram-account-what-now/ /personal/deactivated-my-instagram-account/ 301
/photography/i-deactivated-my-instagram-account/ /personal/deactivated-my-instagram-account/ 301
/photography/deactivated-my-instagram-account/ /personal/deactivated-my-instagram-account/ 301
/it/design-it/dark-patterns-web/ /design-digested/dark-patterns-in-user-interfaces/ 301
/it/design-it/dark-pattern-web/ /design-digested/dark-patterns-in-user-interfaces/ 301
/it/design/dark-patterns-web/ /design-digested/dark-patterns-in-user-interfaces/ 301
/it/uncategorized-it/dark-patterns-web/ /design-digested/dark-patterns-in-user-interfaces/ 301
/design/dark-patterns-in-user-interfaces/ /design-digested/dark-patterns-in-user-interfaces/ 301
/social-media/culture-and-design-books/ /books/culture-and-design-books/ 301
/it/libri/libri-di-cultura-e-design/ /books/culture-and-design-books/ 301
/it/fotografia/in-spiaggia/ /photography/at-the-beach/ 301
/it/design-it/una-lettera/ /design-digested/my-latest-letter/ 301
/it/oggi-ho-visto/glicine-in-fiore/ /photography/wisteria-in-bloom/ 301
/today-i-saw/wisteria-in-bloom /photography/wisteria-in-bloom/ 301
/design/learning-to-draw/ /drawing/learning-to-draw/ 301
/it/fotografia/entrata-con-arte/ /photography/entrance-with-art/ 301
/design/information-overload/ /design-digested/information-overload/ 301
/it/design-it/sovraccarico-di-informazioni/ /design-digested/information-overload/ 301
/it/design-digested-it/sovraccarico-di-informazioni/ /design-digested/information-overload/ 301
/social-media/life-off-social-media/ /personal/life-off-social-media/ 301
/it/personale/lascio-wordpress/ /personal/leaving-wordpress/ 301
/brand-new-site/ /design/brand-new-website/ 301